{
    "spin_ratios": [0.0, 0.5, 1.0, 1.5, 2.0, 2.5, 3.0, 3.5, 4.0],
    "cd": [0.4422669491525415, 0.5084745762711851, 0.7627118644067794, 1.0566737288135561, 1.5042372881355943, 2.2616525423728877, 3.270656779661016, 3.6626059322033893, 3.97510593220339],
    "cl": [0.0, 1.3484236143153616, 2.659600828580123, 3.6176401610473548, 4.617712372743259, 6.029802704993408, 7.198043084857474, 7.6768000837743, 7.987382805980706]
}