{
    "experimental": {
        "angles_of_attack": [0.0, 1, 2, 3, 4, 5, 6, 7, 8, 9, 10, 11, 12, 13, 14, 15],
        "lift_coefficients": [0.0, 0.07699248120300672, 0.15684210526315767, 0.23939849624060083, 0.31654135338345846, 0.39706766917293224, 0.4755639097744361, 0.5533834586466164, 0.6278195488721803, 0.6954887218045112, 0.7543609022556391, 0.8051127819548872, 0.8274436090225562, 0.8125563909774436, 0.7922556390977442, 0.7618045112781956],
        "drag_coefficients": [0.019100743745774418, 0.019438810006761453, 0.02062204192021644, 0.02265043948613954, 0.02552400270453009, 0.029411764705882526, 0.0343137254901964, 0.040060851926977836, 0.047836375929682484, 0.05764029749830979, 0.06997971602434105, 0.08857336037863445, 0.1277890466531441, 0.17494929006085191, 0.20622041920216364, 0.22785665990534143]
    },
    "two_dim_cfd": {
        "angles_of_attack": [0.0, 1, 2, 3, 4, 5, 6, 7, 8, 9, 10, 11, 12, 14, 16, 18, 20],
        "lift_coefficients": [0.0, 0.10477548111190305, 0.2065573770491802, 0.3083392729864576, 0.4101211689237352, 0.5109052031361365, 0.6116892373485386, 0.7104775481111903, 0.806272273699216, 0.8990734141126155, 0.9759087669280115, 1.0068424803991443, 0.8142551674982178, 0.6366357804704209, 0.6526015680684248, 0.7254454739843194, 0.8501781895937277],
        "drag_coefficients": [0.019985482760422446, 0.020510257510378715, 0.021534426723664568, 0.022558595936950532, 0.024082906092584122, 0.025606469769199336, 0.028129320025152893, 0.032151846629132286, 0.03717316215977062, 0.04319401309608617, 0.05121318836473876, 0.06422879653008162, 0.10872218077091389, 0.1687293896254345, 0.20625215279216935, 0.25926460441766297, 0.33476075525192445]
    }
}