{
    "label": "Prandtl, 1926, experimental data",
    "aspect_ratio": 5.0,
    "end_disk_ratio": 3.0,
    "reynolds_number": null,
    "spin_ratios": [0.0, 0.6795980928695401, 1.4451849610660772, 2.020848433666039, 2.765937639227838, 3.3395978933789054, 3.437015819607268, 4.580969923462093],
    "lift_coefficients": [0.0, 0.48881854996908025, 2.386722568375415, 4.514090688442178, 7.238983129742059, 8.43743973720434, 8.424339852243937, 8.803787662169261]
}