{
    "label": "Gerhardt, 2022, CFD data from SSPA, full-scale",
    "spin_ratios": [1.0, 2.0, 3.0, 4.0, 5.0, 6.0, 7.0, 8.0, 9.0],
    "lift_coefficients": [2.2841530054644714, 5.8360655737704885, 8.754098360655734, 9.61748633879781, 9.63934426229508, 9.846994535519123, 10.12021857923497, 10.316939890710382, 10.338797814207648],
    "drag_coefficients": [0.4375569735642646, 1.143117593436644, 2.74567000911577, 3.54968094804011, 3.7192342752962633, 3.8614402917046498, 3.9708295350957163, 4.266180492251597, 4.53418413855971]
}