{
    "two_dim_cfd": {
        "angles_of_attack": [0.0, 1, 2, 3, 4, 5, 6, 7, 8, 9, 10, 11, 12, 14, 16, 18, 20],
        "lift_coefficients": [0.0, 0.10477548111190305, 0.2065573770491802, 0.3083392729864576, 0.4101211689237352, 0.5109052031361365, 0.6116892373485386, 0.7104775481111903, 0.806272273699216, 0.8990734141126155, 0.9759087669280115, 1.0068424803991443, 0.8142551674982178, 0.6366357804704209, 0.6526015680684248, 0.7254454739843194, 0.8501781895937277],
        "drag_coefficients": [0.019985482760422446, 0.020510257510378715, 0.021534426723664568, 0.022558595936950532, 0.024082906092584122, 0.025606469769199336, 0.028129320025152893, 0.032151846629132286, 0.03717316215977062, 0.04319401309608617, 0.05121318836473876, 0.06422879653008162, 0.10872218077091389, 0.1687293896254345, 0.20625215279216935, 0.25926460441766297, 0.33476075525192445]
    }
}
