spin_ratios,cd,cl
0.0,0.4422669491525415,0.0
0.5,0.5084745762711851,1.3484236143153616
1.0,0.7627118644067794,2.659600828580123
1.5,1.0566737288135561,3.6176401610473548
2.0,1.5042372881355943,4.617712372743259
2.5,2.2616525423728877,6.029802704993408
3.0,3.270656779661016,7.198043084857474
3.5,3.6626059322033893,7.6768000837743
4.0,3.97510593220339,7.987382805980706
